{"cameraMode":{"drawMode":0,"name":"Shaded","section":"Shading Mode"},"sceneLighting":true,"audioPlay":false,"sceneViewState":{"showFog":true,"showMaterialUpdate":false,"showSkybox":true,"showFlares":true,"showImageEffects":true,"showParticleSystems":true},"in2DMode":false,"pivot":{"x":581.1337890625,"y":-1699.492919921875,"z":-3230.1787109375},"rotation":{"x":0.007603803183883429,"y":0.9625197052955627,"z":-0.26981988549232485,"w":0.027155011892318727},"size":5238.81591796875,"orthographic":false}